文章ID,分类标签
1001,1
1002,0
1003,0
1004,1
1005,0
1006,1
1007,0
1008,1
1009,1
1010,1
1011,1
1012,1
1013,0
1014,1
1015,0
1016,1
1017,1
1018,1
1019,1
1020,1
1021,0
1022,1
1023,1
1024,1
1025,0
1026,1
1027,0
1028,0
1029,0
1030,0
1031,1
1032,1
1033,1
1034,1
1035,1
1036,1
1037,0
1038,1
1039,1
1040,0
1041,1
1042,1
1043,1
1044,1
1045,1
1046,1
1047,1
1048,1
1049,1
1050,1
1051,1
1052,1
1053,1
1054,1
1055,1
1056,1
1057,0
1058,0
1059,1
1060,1
1061,1
1062,1
1063,1
1064,1
1065,1
1066,1
1067,1
1068,1
1069,1
1070,1
1071,1
1072,1
1073,1
1074,1
1075,1
1076,1
1077,1
1078,1
1079,0
1080,1
1081,1
1082,0
1083,1
1084,1
1085,1
1086,1
1087,1
1088,1
1089,1
1090,1
1091,1
1092,1
1093,1
1094,1
1095,1
1096,1
1097,0
1098,1
1099,0
1100,0
1101,1
1102,0
1103,0
1104,1
1105,1
1106,0
1107,0
1108,1
1109,0
1110,1
1111,1
1112,0
1113,1
1114,1
1115,0
1116,1
1117,1
1118,1
1119,0
1120,1
1121,1
1122,1
1123,1
1124,0
1125,1
1126,1
1127,1
1128,1
1129,1
1130,1
1131,1
1132,1
1133,1
1134,1
1135,1
1136,1
1137,1
1138,1
1139,0
1140,0
1141,0
1142,1
1143,1
1144,1
1145,0
1146,1
1147,1
1148,1
1149,1
1150,1
1151,0
1152,1
1153,1
1154,1
1155,0
1156,1
1157,1
1158,1
1159,1
1160,1
1161,0
1162,0
1163,0
1164,0
1165,1
1166,0
1167,1
1168,1
1169,1
1170,1
1171,1
1172,1
1173,1
1174,1
1175,1
1176,1
1177,1
1178,1
1179,1
1180,1
1181,1
1182,1
1183,1
1184,1
1185,1
1186,1
1187,1
1188,1
1189,1
1190,0
1191,0
1192,1
1193,1
1194,1
1195,1
1196,1
1197,0
1198,1
1199,1
1200,1
1201,1
1202,0
1203,0
1204,1
1205,1
1206,1
1207,1
1208,0
1209,0
1210,0
1211,0
1212,1
1213,1
1214,1
1215,1
1216,1
1217,1
1218,1
1219,1
1220,1
1221,1
1222,1
1223,1
1224,1
1225,0
1226,1
1227,1
1228,1
1229,1
1230,1
1231,1
1232,1
1233,1
1234,1
1235,1
1236,1
1237,0
1238,0
1239,1
1240,1
1241,1
1242,1
1243,1
1244,0
1245,1
1246,1
1247,1
1248,1
1249,0
1250,1
1251,1
1252,1
1253,1
1254,1
1255,1
1256,0
1257,1
1258,1
1259,1
1260,0
1261,1
1262,1
1263,1
1264,0
1265,1
1266,1
1267,1
1268,1
1269,0
1270,0
1271,1
1272,1
1273,1
1274,1
1275,1
1276,1
1277,1
1278,1
1279,0
1280,0
1281,1
1282,1
1283,1
1284,1
1285,0
1286,1
1287,1
1288,1
1289,1
1290,1
1291,1
1292,1
1293,1
1294,1
1295,1
1296,1
1297,1
1298,1
1299,1
1300,1
1301,1
1302,1
1303,0
1304,1
1305,1
1306,1
1307,1
1308,1
1309,1
1310,1
1311,0
1312,1
1313,1
1314,0
1315,1
1316,0
1317,1
1318,1
1319,1
1320,0
1321,1
1322,1
1323,1
1324,1
1325,1
1326,1
1327,0
1328,1
1329,1
1330,1
1331,1
1332,0
1333,1
1334,1
1335,1
1336,1
1337,1
1338,1
1339,1
1340,1
1341,0
1342,1
1343,1
1344,1
1345,1
1346,1
1347,1
1348,1
1349,1
1350,1
1351,1
1352,0
1353,1
1354,1
1355,1
1356,1
1357,1
1358,1
1359,1
1360,1
1361,1
1362,1
1363,1
1364,0
1365,1
1366,0
1367,0
1368,1
1369,1
1370,1
1371,1
1372,1
1373,1
1374,1
1375,0
1376,1
1377,0
1378,1
1379,1
1380,1
1381,0
1382,0
1383,1
1384,1
1385,1
1386,1
1387,1
1388,0
1389,1
1390,0
1391,0
1392,0
1393,1
1394,1
1395,1
1396,0
1397,0
1398,0
1399,1
1400,1
1401,1
1402,1
1403,0
1404,1
1405,0
1406,1
1407,1
1408,1
1409,1
1410,1
1411,1
1412,0
1413,0
1414,1
1415,1
1416,1
1417,1
1418,1
1419,1
1420,1
1421,0
1422,1
1423,0
1424,1
1425,1
1426,1
1427,1
1428,1
1429,1
1430,0
1431,1
1432,1
1433,0
1434,1
1435,0
1436,1
1437,0
1438,1
1439,0
1440,1
1441,1
1442,1
1443,1
1444,1
1445,0
1446,1
1447,1
1448,0
1449,0
1450,1
1451,1
1452,1
1453,1
1454,1
1455,1
1456,1
1457,1
1458,1
1459,1
1460,1
1461,1
1462,1
1463,1
1464,1
1465,0
1466,0
1467,1
1468,1
1469,1
1470,1
1471,1
1472,1
1473,1
1474,1
1475,1
1476,1
1477,0
1478,1
1479,0
1480,1
1481,1
1482,1
1483,1
1484,0
1485,0
1486,0
1487,0
1488,1
1489,0
1490,1
1491,1
1492,0
1493,1
1494,1
1495,0
1496,0
1497,0
1498,1
1499,1
1500,1
1501,1
1502,1
1503,1
1504,1
1505,1
1506,1
1507,1
1508,0
1509,0
1510,1
1511,1
1512,0
1513,0
1514,1
1515,0
1516,0
1517,1
1518,1
1519,1
1520,1
1521,1
1522,1
1523,1
1524,0
1525,1
1526,1
1527,0
1528,0
1529,0
1530,1
1531,1
1532,1
1533,1
1534,1
1535,1
1536,1
1537,1
1538,1
1539,1
1540,1
1541,1
1542,1
1543,1
1544,1
1545,1
1546,0
1547,1
1548,1
1549,1
1550,1
1551,1
1552,1
1553,1
1554,1
1555,1
1556,1
1557,1
1558,0
1559,0
1560,0
1561,0
1562,0
1563,1
1564,1
1565,0
1566,0
1567,0
1568,1
1569,1
1570,1
1571,1
1572,1
1573,1
1574,0
1575,1
1576,1
1577,1
1578,1
1579,1
1580,1
1581,1
1582,1
1583,1
1584,1
1585,0
1586,0
1587,1
1588,0
1589,1
1590,1
1591,1
1592,1
1593,1
1594,1
1595,1
1596,1
1597,1
1598,1
1599,1
1600,0
1601,1
1602,1
1603,1
1604,1
1605,1
1606,1
1607,1
1608,1
1609,1
1610,0
1611,1
1612,1
1613,1
1614,1
1615,1
1616,1
1617,1
1618,0
1619,1
1620,1
1621,1
1622,1
1623,1
1624,1
1625,1
1626,1
1627,1
1628,1
1629,1
1630,1
1631,1
1632,1
1633,1
1634,1
1635,0
1636,1
1637,1
1638,0
1639,1
1640,1
1641,1
1642,1
1643,0
1644,0
1645,0
1646,0
1647,0
1648,1
1649,1
1650,0
1651,0
1652,0
1653,0
1654,0
1655,0
1656,0
1657,0
1658,0
1659,0
1660,0
1661,0
1662,1
1663,0
1664,0
1665,0
1666,0
1667,0
1668,0
1669,0
1670,0
1671,0
1672,0
1673,0
1674,0
1675,0
1676,0
1677,0
1678,0
1679,0
1680,0
1681,0
1682,0
1683,1
1684,1
1685,0
1686,1
1687,0
1688,1
1689,0
1690,1
1691,0
1692,0
1693,1
1694,1
1695,1
1696,1
1697,0
1698,0
1699,0
1700,1
1701,1
1702,0
1703,0
1704,1
1705,0
1706,0
1707,0
1708,1
1709,0
1710,0
1711,0
1712,0
1713,1
1714,1
1715,1
1716,1
1717,1
1718,1
1719,0
1720,0
1721,0
1722,0
1723,1
1724,0
1725,0
1726,1
1727,0
1728,1
1729,1
1730,0
1731,1
1732,0
1733,1
1734,1
1735,0
1736,1
1737,0
1738,1
1739,1
1740,1
1741,1
1742,1
1743,1
1744,0
1745,1
1746,0
1747,1
1748,0
1749,1
1750,0
1751,0
1752,1
1753,1
1754,1
1755,1
1756,0
1757,0
1758,1
1759,0
1760,0
1761,0
1762,1
1763,1
1764,1
1765,0
1766,0
1767,1
1768,1
1769,0
1770,1
1771,1
1772,1
1773,1
1774,0
1775,1
1776,1
1777,0
1778,0
1779,0
1780,0
1781,0
1782,0
1783,0
1784,0
1785,0
1786,0
1787,0
1788,0
1789,0
1790,1
1791,1
1792,1
1793,1
1794,1
1795,0
1796,1
1797,0
1798,1
1799,1
1800,1
1801,1
1802,0
1803,0
1804,0
1805,1
1806,0
1807,1
1808,1
1809,1
1810,1
1811,0
1812,1
1813,1
1814,1
1815,0
1816,0
1817,1
1818,0
1819,1
1820,0
1821,0
1822,1
1823,1
1824,1
1825,1
1826,1
1827,1
1828,0
1829,1
1830,1
1831,1
1832,1
1833,1
1834,1
1835,1
1836,1
1837,1
1838,1
1839,0
1840,1
1841,0
1842,0
1843,0
1844,0
1845,1
1846,0
1847,1
1848,0
1849,1
1850,1
1851,1
1852,1
1853,1
1854,1
1855,1
1856,1
1857,1
1858,1
1859,1
1860,1
1861,1
1862,1
1863,1
1864,1
1865,0
1866,1
1867,0
1868,0
1869,0
1870,1
1871,0
1872,0
1873,1
1874,1
1875,0
1876,0
1877,0
1878,0
1879,0
1880,0
1881,0
1882,1
1883,0
1884,0
1885,0
1886,0
1887,0
1888,0
1889,0
1890,0
1891,1
1892,0
1893,0
1894,0
1895,0
1896,1
1897,1
1898,0
1899,1
1900,0
1901,1
1902,0
1903,0
1904,0
1905,1
1906,0
1907,1
1908,1
1909,1
1910,0
1911,0
1912,1
1913,0
1914,0
1915,1
1916,0
1917,0
1918,0
1919,0
1920,0
1921,0
1922,0
1923,0
1924,0
1925,1
1926,0
1927,1
1928,0
1929,1
1930,0
1931,0
1932,0
1933,0
1934,0
1935,0
1936,1
1937,0
1938,0
1939,1
1940,0
1941,0
1942,1
1943,0
1944,1
1945,1
1946,0
1947,0
1948,1
1949,1
1950,0
1951,1
1952,0
1953,0
1954,0
1955,0
1956,1
1957,0
1958,0
1959,0
1960,1
1961,0
1962,0
1963,0
1964,1
1965,1
1966,0
1967,0
1968,1
1969,0
1970,0
1971,0
1972,1
1973,1
1974,0
1975,0
1976,1
1977,0
1978,0
1979,0
1980,0
1981,0
1982,0
1983,0
1984,0
1985,1
1986,0
1987,0
1988,1
1989,0
1990,0
1991,0
1992,0
1993,0
1994,0
1995,1
1996,0
1997,1
1998,0
1999,0
2000,0
2001,0
2002,1
2003,1
2004,1
2005,0
2006,0
2007,0
2008,0
2009,0
2010,0
2011,0
2012,0
2013,0
2014,0
2015,0
2016,0
2017,0
2018,0
2019,0
2020,0
2021,0
2022,1
2023,0
2024,0
2025,1
2026,0
2027,0
2028,1
2029,1
2030,0
2031,1
2032,1
2033,1
2034,1
2035,0
2036,0
2037,0
2038,0
2039,1
2040,0
2041,1
2042,0
2043,0
2044,0
2045,1
2046,1
2047,0
2048,0
2049,0
2050,1
2051,1
2052,0
2053,1
2054,0
2055,1
2056,1
2057,0
2058,0
2059,0
2060,1
2061,1
2062,1
2063,0
2064,0
2065,1
2066,0
2067,0
2068,0
2069,1
2070,0
2071,0
2072,1
2073,0
2074,0
2075,0
2076,0
2077,1
2078,1
2079,0
2080,1
2081,0
2082,1
2083,0
2084,1
2085,1
2086,0
2087,0
2088,0
2089,1
2090,0
2091,0
2092,0
2093,0
2094,0
2095,0
2096,1
2097,1
2098,0
2099,0
2100,0
2101,0
2102,1
2103,1
2104,0
2105,0
2106,1
2107,0
2108,0
2109,0
2110,1
2111,1
2112,0
2113,0
2114,0
2115,0
2116,0
2117,0
2118,0
2119,0
2120,0
2121,0
2122,0
2123,1
2124,0
2125,0
2126,0
2127,1
2128,0
2129,0
2130,0
2131,0
2132,0
2133,0
2134,1
2135,0
2136,0
2137,0
2138,0
2139,0
2140,0
2141,0
2142,0
2143,0
2144,0
2145,0
2146,0
2147,1
2148,0
2149,1
2150,1
2151,0
2152,0
2153,0
2154,0
2155,0
2156,0
2157,1
2158,0
2159,1
2160,0
2161,0
2162,0
2163,0
2164,0
2165,0
2166,0
2167,0
2168,0
2169,1
2170,0
2171,0
2172,0
2173,0
2174,0
2175,0
2176,1
2177,0
2178,0
2179,0
2180,0
2181,0
2182,0
2183,1
2184,1
2185,0
2186,1
2187,0
2188,0
2189,0
2190,0
2191,0
2192,0
2193,0
2194,1
2195,0
2196,0
2197,1
2198,0
2199,0
2200,0
2201,1
2202,0
2203,0
2204,0
2205,0
2206,0
2207,0
2208,1
2209,0
2210,0
2211,0
2212,0
2213,0
2214,0
2215,1
2216,1
2217,0
2218,1
2219,0
2220,0
2221,0
2222,0
2223,1
2224,1
2225,0
2226,1
2227,0
2228,0
2229,0
2230,0
2231,0
2232,1
2233,0
2234,0
2235,1
2236,0
2237,1
2238,0
2239,0
2240,1
2241,1
2242,0
2243,0
2244,0
2245,0
2246,1
2247,0
2248,0
2249,0
2250,1
2251,0
2252,0
2253,0
2254,1
2255,0
2256,0
2257,1
2258,0
2259,1
2260,1
2261,0
2262,0
2263,0
2264,1
2265,0
2266,0
2267,0
2268,0
2269,1
2270,0
2271,0
2272,1
2273,0
2274,0
2275,0
2276,1
2277,0
2278,0
2279,0
2280,0
2281,0
2282,0
2283,1
2284,0
2285,0
2286,0
2287,1
2288,1
2289,0
2290,0
2291,1
2292,0
2293,0
2294,0
2295,0
2296,1
2297,1
2298,0
2299,1
2300,0
2301,1
2302,1
2303,0
2304,0
2305,1
2306,0
2307,0
2308,0
2309,1
2310,1
2311,1
2312,0
2313,0
2314,0
2315,0
2316,0
2317,1
2318,1
2319,0
2320,1
2321,0
2322,0
2323,1
2324,0
2325,0
2326,0
2327,1
2328,1
2329,1
2330,0
2331,1
2332,1
2333,0
2334,1
2335,0
2336,0
2337,1
2338,0
2339,1
2340,1
2341,1
2342,1
2343,1
2344,1
2345,0
2346,0
2347,0
2348,0
2349,0
2350,1
2351,1
2352,0
2353,1
2354,1
2355,1
2356,0
2357,1
2358,0
2359,0
2360,0
2361,1
2362,1
2363,1
2364,1
2365,0
2366,1
2367,1
2368,0
2369,0
2370,0
2371,0
2372,1
2373,1
2374,1
2375,0
2376,0
2377,0
2378,0
2379,0
2380,1
2381,0
2382,1
2383,1
2384,1
2385,1
2386,0
2387,0
2388,1
2389,0
2390,0
2391,1
2392,0
2393,1
2394,0
2395,0
2396,0
2397,0
2398,0
2399,0
2400,0
2401,1
2402,0
2403,0
2404,0
2405,0
2406,0
2407,1
2408,0
2409,1
2410,0
2411,1
2412,0
2413,0
2414,0
2415,1
2416,0
2417,0
2418,0
2419,0
2420,0
2421,1
2422,1
2423,0
2424,1
2425,1
2426,1
2427,0
2428,0
2429,0
2430,0
2431,1
2432,0
2433,0
2434,0
2435,0
2436,1
2437,0
2438,0
2439,1
2440,0
2441,1
2442,0
2443,0
2444,0
2445,1
2446,0
2447,0
2448,1
2449,0
2450,0
2451,1
2452,1
2453,0
2454,0
2455,0
2456,1
2457,1
2458,0
2459,0
2460,0
2461,1
2462,0
2463,0
2464,0
2465,0
2466,0
2467,0
2468,0
2469,0
2470,0
2471,0
2472,0
2473,0
2474,0
2475,0
2476,0
2477,0
2478,0
2479,0
2480,0
2481,0
2482,1
2483,0
2484,0
2485,0
2486,0
2487,0
2488,0
2489,0
2490,0
2491,0
2492,0
2493,0
2494,0
2495,0
2496,0
2497,0
2498,1
2499,1
2500,0
2501,0
2502,0
2503,0
2504,0
2505,0
2506,0
2507,0
2508,1
2509,0
2510,0
2511,1
2512,0
2513,1
2514,1
2515,1
2516,0
2517,0
2518,0
2519,0
2520,1
2521,1
2522,1
2523,0
2524,0
2525,0
2526,1
2527,0
2528,0
2529,1
2530,0
2531,0
2532,0
2533,0
2534,0
2535,0
2536,0
2537,0
2538,0
2539,0
2540,0
2541,0
2542,0
2543,0
2544,0
2545,0
2546,0
2547,1
2548,0
2549,0
2550,0
2551,0
2552,1
2553,0
2554,0
2555,0
2556,1
2557,0
2558,0
2559,1
2560,1
2561,0
2562,1
2563,0
2564,0
2565,0
2566,0
2567,0
2568,0
2569,0
2570,0
2571,0
2572,0
2573,1
2574,0
2575,1
2576,1
2577,0
2578,1
2579,1
2580,0
2581,0
2582,0
2583,0
2584,0
2585,0
2586,0
2587,1
2588,0
2589,0
2590,0
2591,0
2592,0
2593,1
2594,0
2595,1
2596,0
2597,0
2598,0
2599,0
2600,1
2601,1
2602,0
2603,0
2604,0
2605,1
2606,1
2607,0
2608,0
2609,0
2610,1
2611,0
2612,0
2613,1
2614,1
2615,1
2616,0
2617,1
2618,0
2619,1
2620,0
2621,0
2622,0
2623,0
2624,0
2625,0
2626,0
2627,0
2628,1
2629,1
2630,1
2631,1
2632,0
2633,0
2634,1
2635,0
2636,0
2637,0
2638,0
2639,1
2640,0
2641,0
2642,1
2643,0
2644,0
2645,1
2646,0
2647,1
2648,1
2649,1
2650,1
2651,1
2652,0
2653,0
2654,1
2655,0
2656,1
2657,1
2658,1
2659,0
2660,0
2661,0
2662,0
2663,1
2664,0
2665,0
2666,0
2667,0
2668,0
2669,1
2670,1
2671,0
2672,0
2673,1
2674,1
2675,1
2676,0
2677,0
2678,0
2679,1
2680,0
2681,0
2682,0
2683,0
2684,0
2685,0
2686,0
2687,0
2688,0
2689,1
2690,0
2691,0
2692,0
2693,0
2694,0
2695,0
2696,1
2697,1
2698,1
2699,0
2700,0
2701,1
2702,0
2703,0
2704,0
2705,0
2706,1
2707,0
2708,0
2709,1
2710,1
2711,0
2712,0
2713,0
2714,0
2715,0
2716,0
2717,1
2718,1
2719,1
2720,0
2721,0
2722,0
2723,0
2724,1
2725,0
2726,1
2727,1
2728,0
2729,1
2730,1
2731,0
2732,0
2733,1
2734,0
2735,0
2736,1
2737,1
2738,1
2739,1
2740,0
2741,1
2742,1
2743,0
2744,0
2745,1
2746,1
2747,1
2748,0
2749,0
2750,1
2751,1
2752,0
2753,0
2754,1
2755,1
2756,0
2757,0
2758,0
2759,0
2760,0
2761,0
2762,1
2763,1
2764,1
2765,0
2766,0
2767,1
2768,1
2769,0
2770,1
2771,1
2772,0
2773,1
2774,0
2775,0
2776,1
2777,1
2778,1
2779,1
2780,0
2781,1
2782,0
2783,0
2784,0
2785,1
2786,1
2787,0
2788,1
2789,1
2790,0
2791,0
2792,1
2793,0
2794,1
2795,0
2796,1
2797,0
2798,1
2799,0
2800,0
2801,1
2802,0
2803,1
2804,1
2805,1
2806,0
2807,0
2808,0
2809,1
2810,0
2811,0
2812,1
2813,1
2814,1
2815,0
2816,0
2817,0
2818,0
2819,0
2820,1
2821,0
2822,0
2823,1
2824,0
2825,1
2826,1
2827,1
2828,1
2829,0
2830,0
2831,1
2832,0
2833,0
2834,0
2835,1
2836,0
2837,1
2838,1
2839,1
2840,0
2841,1
2842,0
2843,0
2844,1
2845,0
2846,0
2847,1
2848,1
2849,0
2850,0
2851,0
2852,1
2853,0
2854,1
2855,0
2856,1
2857,1
2858,1
2859,0
2860,0
2861,1
2862,1
2863,1
2864,0
2865,0
2866,0
2867,0
2868,1
2869,0
2870,0
2871,1
2872,1
2873,0
2874,1
2875,0
2876,1
2877,1
2878,1
2879,1
2880,1
2881,1
2882,0
2883,0
2884,0
2885,1
2886,1
2887,1
2888,1
2889,1
2890,1
2891,0
2892,0
2893,0
2894,0
2895,0
2896,0
2897,1
2898,1
2899,0
2900,0
2901,0
2902,0
2903,0
2904,0
2905,0
2906,0
2907,0
2908,0
2909,0
2910,1
2911,1
2912,0
2913,0
2914,1
2915,0
2916,0
2917,0
2918,1
2919,0
2920,1
2921,0
2922,0
2923,0
2924,0
2925,0
2926,0
2927,1
2928,1
2929,1
2930,0
2931,0
2932,0
2933,1
2934,1
2935,0
2936,0
2937,0
2938,1
2939,0
2940,0
2941,1
2942,0
2943,0
2944,1
2945,0
2946,0
2947,0
2948,0
2949,0
2950,1
2951,0
2952,0
2953,1
2954,1
2955,0
2956,0
2957,1
2958,0
2959,0
2960,1
2961,0
2962,0
2963,0
2964,0
2965,0
2966,0
2967,0
2968,0
2969,0
2970,1
2971,1
2972,1
2973,1
2974,0
2975,0
2976,0
2977,1
2978,1
2979,0
2980,1
2981,0
2982,0
2983,0
2984,0
2985,1
2986,0
2987,0
2988,1
2989,1
2990,1
2991,0
2992,0
2993,1
2994,1
2995,1
2996,1
2997,0
2998,0
2999,0
3000,0
3001,0
3002,0
3003,0
3004,1
3005,0
3006,0
3007,0
3008,0
3009,1
3010,1
3011,0
3012,0
3013,0
3014,0
3015,0
3016,1
3017,0
3018,0
3019,1
3020,1
3021,0
3022,1
3023,0
3024,0
3025,0
3026,1
3027,1
3028,0
3029,0
3030,0
3031,0
3032,0
3033,0
3034,0
3035,0
3036,1
3037,1
3038,1
3039,1
3040,1
3041,1
3042,0
3043,0
3044,0
3045,0
3046,1
3047,1
3048,1
3049,1
3050,1
3051,1
3052,1
3053,0
3054,1
3055,1
3056,0
3057,0
3058,0
3059,0
3060,0
3061,0
3062,1
3063,1
3064,1
3065,0
3066,0
3067,0
3068,1
3069,0
3070,0
3071,0
3072,0
3073,0
3074,0
3075,1
3076,1
3077,0
3078,0
3079,0
3080,1
3081,1
3082,0
3083,1
3084,1
3085,0
3086,0
3087,0
3088,0
3089,1
3090,1
3091,1
3092,0
3093,0
3094,1
3095,1
3096,1
3097,0
3098,1
3099,0
3100,0
3101,1
3102,1
3103,1
3104,1
3105,0
3106,1
3107,1
3108,0
3109,0
3110,1
3111,0
3112,0
3113,0
3114,0
3115,0
3116,0
3117,1
3118,0
3119,0
3120,0
3121,0
3122,1
3123,0
3124,1
3125,1
3126,1
3127,1
3128,0
3129,1
3130,1
3131,1
3132,1
3133,0
3134,0
3135,1
3136,0
3137,0
3138,0
3139,0
3140,0
3141,1
3142,1
3143,0
3144,1
3145,1
3146,0
3147,0
3148,1
3149,0
3150,1
3151,1
3152,1
3153,0
3154,1
3155,0
3156,1
3157,1
3158,0
3159,1
3160,1
3161,0
3162,1
3163,1
3164,0
3165,0
3166,0
3167,1
3168,0
3169,1
3170,0
3171,1
3172,0
3173,1
3174,1
3175,0
3176,1
3177,0
3178,1
3179,0
3180,0
3181,0
3182,0
3183,1
3184,0
3185,0
3186,0
3187,0
3188,0
3189,1
3190,0
3191,1
3192,0
3193,1
3194,1
3195,0
3196,1
3197,1
3198,1
3199,1
3200,0
3201,1
3202,0
3203,1
3204,1
3205,0
3206,0
3207,0
3208,1
3209,1
3210,0
3211,0
3212,0
3213,0
3214,1
3215,0
3216,1
3217,0
3218,1
3219,0
3220,0
3221,0
3222,1
3223,0
3224,1
3225,0
3226,1
3227,0
3228,1
3229,1
3230,1
3231,0
3232,1
3233,0
3234,1
3235,0
3236,0
3237,0
3238,1
3239,1
3240,1
3241,0
3242,0
3243,1
3244,0
3245,0
3246,0
3247,0
3248,0
3249,1
3250,0
3251,1
3252,1
3253,0
3254,0
3255,0
3256,0
3257,0
3258,1
3259,1
3260,0
3261,0
3262,0
3263,0
3264,0
3265,0
3266,0
3267,0
3268,1
3269,0
3270,0
3271,0
3272,0
3273,1
3274,1
3275,0
3276,0
3277,1
3278,0
3279,0
3280,0
3281,0
3282,0
3283,0
3284,0
3285,0
3286,1
3287,0
3288,1
3289,0
3290,0
3291,0
3292,1
3293,1
3294,0
3295,0
3296,1
3297,1
3298,1
3299,0
3300,0
3301,1
3302,1
3303,0
3304,0
3305,0
3306,0
3307,0
3308,1
3309,0
3310,0
3311,1
3312,1
3313,1
3314,0
3315,0
3316,1
3317,1
3318,0
3319,0
3320,0
3321,0
3322,0
3323,0
3324,1
3325,0
3326,0
3327,1
3328,0
3329,1
3330,0
3331,0
3332,0
3333,1
3334,0
3335,0
3336,1
3337,0
3338,0
3339,1
3340,0
3341,0
3342,0
3343,0
3344,1
3345,0
3346,1
3347,1
3348,1
3349,0
3350,0
3351,1
3352,1
3353,0
3354,0
3355,0
3356,0
3357,0
3358,0
3359,0
3360,0
3361,0
3362,0
3363,1
3364,0
3365,0
3366,1
3367,0
3368,0
3369,1
3370,1
3371,0
3372,0
3373,0
3374,1
3375,0
3376,0
3377,0
3378,0
3379,1
3380,1
3381,0
3382,0
3383,0
3384,1
3385,0
3386,1
3387,0
3388,0
3389,1
3390,1
3391,0
3392,0
3393,1
3394,0
3395,0
3396,0
3397,0
3398,1
3399,0
3400,0
3401,0
3402,0
3403,1
3404,0
3405,0
3406,0
3407,0
3408,0
3409,1
3410,1
3411,0
3412,0
3413,1
3414,1
3415,0
3416,0
3417,1
3418,0
3419,0
3420,0
3421,0
3422,1
3423,0
3424,1
3425,0
3426,1
3427,1
3428,0
3429,0
3430,1
3431,1
3432,0
3433,0
3434,0
3435,1
3436,0
3437,0
3438,0
3439,0
3440,1
3441,0
3442,1
3443,0
3444,0
3445,0
3446,1
3447,1
3448,0
3449,0
3450,0
3451,1
3452,0
3453,0
3454,0
3455,1
3456,0
3457,0
3458,1
3459,1
3460,0
3461,0
3462,1
3463,0
3464,1
3465,1
3466,0
3467,0
3468,0
3469,0
3470,0
3471,0
3472,0
3473,0
3474,0
3475,0
3476,1
3477,0
3478,1
3479,0
3480,1
3481,0
3482,0
3483,0
3484,0
3485,0
3486,0
3487,0
3488,0
3489,0
3490,0
3491,1
3492,0
3493,0
3494,0
3495,0
3496,0
3497,1
3498,0
3499,0
3500,0
3501,1
3502,1
3503,0
3504,0
3505,0
3506,0
3507,0
3508,1
3509,0
3510,0
3511,0
3512,1
3513,0
3514,0
3515,0
3516,0
3517,1
3518,0
3519,0
3520,0
3521,0
3522,1
3523,0
3524,0
3525,0
3526,1
3527,1
3528,0
3529,1
3530,1
3531,0
3532,0
3533,1
3534,0
3535,1
3536,0
3537,1
3538,1
3539,1
3540,1
3541,0
3542,1
3543,0
3544,0
3545,1
3546,0
3547,0
3548,0
3549,1
3550,0
3551,0
3552,0
3553,0
3554,0
3555,1
3556,1
3557,0
3558,1
3559,1
3560,1
3561,0
3562,0
3563,0
3564,1
3565,0
3566,0
3567,0
3568,1
3569,0
3570,1
3571,1
3572,0
3573,0
3574,0
3575,0
3576,0
3577,0
3578,1
3579,0
3580,0
3581,0
3582,1
3583,1
3584,0
3585,1
3586,0
3587,0
3588,0
3589,0
3590,0
3591,0
3592,0
3593,0
3594,1
3595,0
3596,0
3597,0
3598,0
3599,0
3600,0
3601,0
3602,0
3603,0
3604,0
3605,0
3606,0
3607,0
3608,0
3609,1
3610,1
3611,0
3612,0
3613,1
3614,0
3615,0
3616,0
3617,0
3618,0
3619,0
3620,0
3621,1
3622,0
3623,1
3624,0
3625,1
3626,0
3627,0
3628,0
3629,0
3630,0
3631,1
3632,0
3633,0
3634,0
3635,0
3636,1
3637,0
3638,1
3639,0
3640,1
3641,1
3642,1
3643,0
3644,0
3645,0
3646,0
3647,0
3648,0
3649,0
3650,0
3651,0
3652,1
3653,0
3654,0
3655,0
3656,0
3657,0
3658,1
3659,0
3660,1
3661,0
3662,0
3663,0
3664,0
3665,1
3666,1
3667,0
3668,0
3669,0
3670,1
3671,0
3672,1
3673,0
3674,0
3675,1
3676,1
3677,1
3678,0
3679,1
3680,0
3681,0
3682,0
3683,1
3684,1
3685,1
3686,1
3687,0
3688,1
3689,0
3690,0
3691,0
3692,1
3693,1
3694,0
3695,1
3696,0
3697,1
3698,1
3699,1
3700,0
3701,1
3702,0
3703,0
3704,1
3705,0
3706,0
3707,1
3708,1
3709,1
3710,0
3711,0
3712,0
3713,1
3714,1
3715,0
3716,0
3717,0
3718,0
3719,0
3720,0
3721,1
3722,0
3723,0
3724,0
3725,1
3726,1
3727,1
3728,1
3729,0
3730,0
3731,0
3732,1
3733,0
3734,0
3735,0
3736,1
3737,0
3738,0
3739,1
3740,1
3741,0
3742,0
3743,0
3744,1
3745,0
3746,0
3747,0
3748,1
3749,0
3750,0
3751,0
3752,0
3753,1
3754,0
3755,0
3756,0
3757,1
3758,0
3759,0
3760,0
3761,1
3762,0
3763,1
3764,0
3765,0
3766,0
3767,0
3768,1
3769,0
3770,1
3771,0
3772,1
3773,0
3774,0
3775,0
3776,0
3777,0
3778,0
3779,0
3780,1
3781,0
3782,1
3783,0
3784,0
3785,0
3786,0
3787,0
3788,1
3789,1
3790,0
3791,0
3792,0
3793,1
3794,1
3795,1
3796,0
3797,0
3798,0
3799,1
3800,1
3801,1
3802,0
3803,1
3804,1
3805,1
3806,1
3807,0
3808,0
3809,0
3810,1
3811,0
3812,0
3813,0
3814,0
3815,0
3816,0
3817,0
3818,0
3819,0
3820,0
3821,0
3822,1
3823,1
3824,0
3825,0
3826,1
3827,0
3828,1
3829,0
3830,1
3831,1
3832,0
3833,1
3834,0
3835,1
3836,1
3837,0
3838,0
3839,1
3840,1
3841,1
3842,0
3843,0
3844,1
3845,0
3846,1
3847,0
3848,1
3849,1
3850,0
3851,0
3852,1
3853,1
3854,0
3855,1
3856,0
3857,1
3858,1
3859,0
3860,1
3861,1
3862,0
3863,0
3864,1
3865,0
3866,1
3867,1
3868,1
3869,1
3870,0
3871,0
3872,1
3873,1
3874,0
3875,0
3876,1
3877,1
3878,1
3879,1
3880,1
3881,0
3882,0
3883,1
3884,1
3885,1
3886,0
3887,1
3888,1
3889,0
3890,1
3891,1
3892,1
3893,0
3894,0
3895,1
3896,1
3897,1
3898,0
3899,0
3900,1
3901,0
3902,1
3903,1
3904,1
3905,1
3906,1
3907,0
3908,0
3909,1
3910,0
3911,1
3912,0
3913,0
3914,0
3915,0
3916,1
3917,0
3918,0
3919,1
3920,0
3921,0
3922,1
3923,0
3924,0
3925,1
3926,0
3927,0
3928,0
3929,0
3930,0
3931,0
3932,0
3933,0
3934,0
3935,0
3936,0
3937,0
3938,0
3939,1
3940,0
3941,0
3942,0
3943,0
3944,0
3945,1
3946,0
3947,0
3948,0
3949,1
3950,0
3951,0
3952,0
3953,0
3954,0
3955,1
3956,1
3957,0
3958,0
3959,1
3960,0
3961,1
3962,1
3963,1
3964,0
3965,0
3966,0
3967,0
3968,1
3969,1
3970,0
3971,0
3972,1
3973,1
3974,1
3975,0
3976,1
3977,0
3978,1
3979,0
3980,0
3981,0
3982,0
3983,1
3984,1
3985,0
3986,1
3987,1
3988,0
3989,1
3990,1
3991,1
3992,0
3993,1
3994,1
3995,0
3996,0
3997,0
3998,0
3999,0
4000,0
4001,0
4002,0
4003,0
4004,0
4005,0
4006,1
4007,0
4008,0
4009,0
4010,1
4011,0
4012,0
4013,0
4014,0
4015,0
4016,1
4017,0
4018,1
4019,0
4020,0
4021,0
4022,0
4023,0
4024,0
4025,0
4026,0
4027,0
4028,0
4029,1
4030,1
4031,0
4032,0
4033,0
4034,0
4035,0
4036,0
4037,0
4038,0
4039,1
4040,1
4041,1
4042,0
4043,0
4044,1
4045,1
4046,1
4047,0
4048,1
4049,0
4050,0
4051,0
4052,0
4053,0
4054,0
4055,0
4056,0
4057,1
4058,1
4059,0
4060,1
4061,0
4062,0
4063,0
4064,1
4065,0
4066,0
4067,0
4068,0
4069,1
4070,0
4071,0
4072,0
4073,1
4074,0
4075,0
4076,0
4077,0
4078,0
4079,0
4080,0
4081,1
4082,0
4083,1
4084,0
4085,0
4086,1
4087,0
4088,1
4089,0
4090,0
4091,0
4092,1
4093,0
4094,0
4095,0
4096,0
4097,0
4098,1
4099,1
4100,1
4101,0
4102,0
4103,0
4104,0
4105,0
4106,0
4107,0
4108,0
4109,1
4110,0
4111,0
4112,1
4113,0
4114,0
4115,0
4116,0
4117,1
4118,0
4119,1
4120,1
4121,0
4122,1
4123,0
4124,0
4125,0
4126,1
4127,0
4128,0
4129,0
4130,1
4131,0
4132,1
4133,0
4134,1
4135,1
4136,0
4137,0
4138,0
4139,0
4140,0
4141,0
4142,1
4143,0
4144,0
4145,0
4146,1
4147,0
4148,0
4149,0
4150,1
4151,0
4152,0
4153,1
4154,0
4155,1
4156,1
4157,0
4158,0
4159,1
4160,0
4161,0
4162,0
4163,0
4164,0
4165,1
4166,1
4167,1
4168,0
4169,0
4170,0
4171,0
4172,0
4173,0
4174,0
4175,0
4176,0
4177,1
4178,1
4179,0
4180,0
4181,0
4182,0
4183,0
4184,0
4185,0
4186,0
4187,0
4188,1
4189,0
4190,1
4191,0
4192,0
4193,1
4194,0
4195,0
4196,0
4197,1
4198,0
4199,0
4200,0
4201,1
4202,0
4203,1
4204,1
4205,0
4206,0
4207,0
4208,0
4209,0
4210,0
4211,1
4212,0
4213,1
4214,1
4215,1
4216,0
4217,0
4218,0
4219,1
4220,0
4221,0
4222,0
4223,0
4224,0
4225,0
4226,0
4227,0
4228,0
4229,0
4230,0
4231,0
4232,0
4233,1
4234,0
4235,1
4236,0
4237,0
4238,0
4239,0
4240,0
4241,0
4242,0
4243,0
4244,1
4245,0
4246,0
4247,1
4248,0
4249,0
4250,0
4251,0
4252,0
4253,0
4254,0
4255,1
4256,0
4257,0
4258,0
4259,1
4260,0
4261,0
4262,0
4263,0
4264,0
4265,0
4266,0
4267,0
4268,1
4269,0
4270,0
4271,0
4272,0
4273,0
4274,0
4275,0
4276,0
4277,0
4278,0
4279,0
4280,0
4281,0
4282,0
4283,0
4284,0
4285,0
4286,0
4287,0
4288,1
4289,0
4290,0
4291,0
4292,0
4293,0
4294,1
4295,0
4296,0
4297,0
4298,1
4299,0
4300,0
4301,0
4302,0
4303,1
4304,1
4305,1
4306,0
4307,0
4308,1
4309,0
4310,0
4311,0
4312,0
4313,0
4314,0
4315,0
4316,0
4317,0
4318,1
4319,0
4320,0
4321,0
4322,1
4323,0
4324,0
4325,0
4326,0
4327,0
4328,1
4329,0
4330,0
4331,1
4332,0
4333,0
4334,0
4335,0
4336,0
4337,0
4338,0
4339,0
4340,1
4341,0
4342,1
4343,1
4344,0
4345,1
4346,0
4347,1
4348,0
4349,0
4350,1
4351,0
4352,0
4353,0
4354,0
4355,0
4356,0
4357,0
4358,0
4359,0
4360,0
4361,0
4362,1
4363,0
4364,0
4365,0
4366,1
4367,0
4368,0
4369,0
4370,0
4371,1
4372,0
4373,0
4374,1
4375,0
4376,0
4377,0
4378,0
4379,1
4380,0
4381,0
4382,0
4383,0
4384,1
4385,0
4386,0
4387,0
4388,0
4389,0
4390,0
4391,0
4392,1
4393,0
4394,0
4395,0
4396,1
4397,0
4398,1
4399,0
4400,0
4401,0
4402,0
4403,0
4404,0
4405,0
4406,1
4407,0
4408,0
4409,1
4410,0
4411,0
4412,0
4413,0
4414,0
4415,0
4416,1
4417,0
4418,1
4419,0
4420,0
4421,1
4422,0
4423,1
4424,0
4425,0
4426,0
4427,0
4428,0
4429,0
4430,1
4431,0
4432,0
4433,0
4434,0
4435,0
4436,0
4437,0
4438,0
4439,0
4440,0
4441,0
4442,0
4443,0
4444,0
4445,1
4446,0
4447,0
4448,0
4449,0
4450,0
4451,0
4452,0
4453,0
4454,0
4455,0
4456,0
4457,0
4458,1
4459,0
4460,0
4461,0
4462,0
4463,1
4464,1
4465,1
4466,0
4467,0
4468,0
4469,0
4470,1
4471,0
4472,0
4473,0
4474,0
4475,0
4476,1
4477,0
4478,0
4479,1
4480,0
4481,0
4482,1
4483,1
4484,1
4485,0
4486,0
4487,0
4488,1
4489,1
4490,0
4491,0
4492,0
4493,1
4494,0
4495,1
4496,0
4497,1
4498,1
4499,0
4500,0
4501,1
4502,0
4503,0
4504,0
4505,1
4506,0
4507,0
4508,0
4509,0
4510,1
4511,0
4512,0
4513,1
4514,0
4515,1
4516,0
4517,0
4518,0
4519,1
4520,0
4521,0
4522,1
4523,0
4524,0
4525,1
4526,1
4527,0
4528,0
4529,0
4530,0
4531,0
4532,0
4533,0
4534,0
4535,0
4536,0
4537,0
4538,0
4539,0
4540,0
4541,0
4542,1
4543,1
4544,0
4545,0
4546,0
4547,0
4548,0
4549,1
4550,0
4551,0
4552,1
4553,1
4554,0
4555,1
4556,1
4557,1
4558,1
4559,0
4560,0
4561,1
4562,1
4563,0
4564,0
4565,0
4566,0
4567,1
4568,0
4569,0
4570,0
4571,0
4572,1
4573,0
4574,0
4575,0
4576,0
4577,0
4578,1
4579,1
4580,1
4581,1
4582,0
4583,0
4584,0
4585,0
4586,1
4587,0
4588,0
4589,0
4590,0
4591,1
4592,0
4593,1
4594,1
4595,0
4596,0
4597,0
4598,1
4599,0
4600,1
4601,0
4602,0
4603,0
4604,0
4605,1
4606,0
4607,0
4608,0
4609,0
4610,1
4611,1
4612,1
4613,0
4614,0
4615,0
4616,0
4617,0
4618,0
4619,0
4620,0
4621,0
4622,1
4623,0
4624,0
4625,0
4626,1
4627,0
4628,0
4629,1
4630,0
4631,1
4632,0
4633,1
4634,0
4635,0
4636,0
4637,1
4638,1
4639,0
4640,0
4641,0
4642,0
4643,1
4644,0
4645,1
4646,0
4647,0
4648,0
4649,0
4650,1
4651,0
4652,0
4653,1
4654,0
4655,0
4656,0
4657,0
4658,1
4659,1
4660,0
4661,0
4662,1
4663,0
4664,1
4665,1
4666,0
4667,0
4668,1
4669,0
4670,0
4671,0
4672,0
4673,1
4674,0
4675,0
4676,0
4677,1
4678,0
4679,0
4680,0
4681,0
4682,1
4683,0
4684,0
4685,0
4686,1
4687,1
4688,0
4689,0
4690,0
4691,0
4692,0
4693,0
4694,0
4695,0
4696,0
4697,1
4698,0
4699,0
4700,0
4701,0
4702,1
4703,0
4704,0
4705,0
4706,0
4707,1
4708,0
4709,1
4710,1
4711,0
4712,0
4713,0
4714,0
4715,0
4716,0
4717,0
4718,1
4719,0
4720,1
4721,0
4722,0
4723,0
4724,0
4725,0
4726,0
4727,0
4728,0
4729,1
4730,0
4731,0
4732,1
4733,0
4734,0
4735,1
4736,0
4737,0
4738,0
4739,0
4740,0
4741,0
4742,1
4743,0
4744,0
4745,0
4746,0
4747,0
4748,0
4749,0
4750,0
4751,1
4752,1
4753,0
4754,0
4755,0
4756,1
4757,0
4758,0
4759,0
4760,0
4761,0
4762,0
4763,0
4764,0
4765,0
4766,0
4767,0
4768,0
4769,0
4770,0
4771,0
4772,0
4773,0
4774,0
4775,1
4776,0
4777,1
4778,0
4779,1
4780,0
4781,0
4782,0
4783,0
4784,0
4785,0
4786,0
4787,1
4788,0
4789,0
4790,0
4791,0
4792,1
4793,1
4794,1
4795,1
4796,0
4797,1
4798,0
4799,0
4800,0
4801,1
4802,0
4803,0
4804,0
4805,0
4806,0
4807,0
4808,1
4809,1
4810,1
4811,0
4812,0
4813,0
4814,0
4815,0
4816,0
4817,0
4818,0
4819,0
4820,0
4821,0
4822,0
4823,0
4824,1
4825,1
4826,0
4827,0
4828,0
4829,1
4830,0
4831,0
4832,0
4833,0
4834,0
4835,0
4836,0
4837,1
4838,0
4839,0
4840,0
4841,0
4842,0
4843,1
4844,1
4845,1
4846,0
4847,0
4848,1
4849,0
4850,0
4851,0
4852,1
4853,0
4854,0
4855,0
4856,0
4857,1
4858,0
4859,1
4860,1
4861,0
4862,0
4863,1
4864,0
4865,0
4866,1
4867,0
4868,0
4869,0
4870,0
4871,0
4872,1
4873,0
4874,1
4875,0
4876,0
4877,0
4878,0
4879,0
4880,0
4881,0
4882,0
4883,1
4884,0
4885,0
4886,1
4887,1
4888,0
4889,0
4890,0
4891,0
4892,0
4893,0
4894,0
4895,0
4896,0
4897,0
4898,1
4899,0
4900,1
4901,1
4902,1
4903,0
4904,0
4905,0
4906,0
4907,1
4908,0
4909,0
4910,0
4911,0
4912,0
4913,0
4914,0
4915,1
4916,0
4917,0
4918,1
4919,1
4920,1
4921,0
4922,1
4923,0
4924,0
4925,0
4926,1
4927,0
4928,0
4929,0
4930,0
4931,0
4932,0
4933,1
4934,0
4935,0
4936,0
4937,0
4938,1
4939,0
4940,0
4941,0
4942,0
4943,0
4944,0
4945,1
4946,0
4947,0
4948,0
4949,0
4950,0
4951,0
4952,0
4953,1
4954,1
4955,0
4956,0
4957,0
4958,0
4959,0
4960,0
4961,0
4962,1
4963,0
4964,1
4965,0
4966,1
4967,0
4968,0
4969,1
4970,0
4971,0
4972,0
4973,1
4974,0
4975,0
4976,0
4977,0
4978,1
4979,1
4980,0
4981,0
4982,0
4983,1
4984,0
4985,0
4986,0
4987,0
4988,0
4989,1
4990,1
4991,0
4992,0
4993,1
4994,0
4995,0
4996,0
4997,0
4998,0
4999,1
5000,0
5001,0
5002,1
5003,1
5004,0
5005,0
5006,0
5007,0
5008,0
5009,0
5010,0
5011,0
5012,0
5013,0
5014,0
5015,0
5016,1
5017,0
5018,1
5019,1
5020,0
5021,0
5022,0
5023,0
5024,1
5025,1
5026,0
5027,0
5028,0
5029,0
5030,0
5031,0
5032,0
5033,0
5034,1
5035,0
5036,0
5037,0
5038,0
5039,0
5040,1
5041,0
5042,0
5043,0
5044,0
5045,0
5046,0
5047,0
5048,0
5049,0
5050,0
5051,0
5052,1
5053,0
5054,1
5055,0
5056,1
5057,0
5058,1
5059,0
5060,0
5061,0
5062,0
5063,0
5064,0
5065,1
5066,1
5067,0
5068,0
5069,0
5070,0
5071,0
5072,0
5073,0
5074,0
5075,0
5076,0
5077,0
5078,1
5079,0
5080,0
5081,0
5082,0
5083,0
5084,1
5085,0
5086,0
5087,0
5088,0
5089,0
5090,0
5091,0
5092,1
5093,0
5094,0
5095,0
5096,0
5097,0
5098,1
5099,0
5100,0
5101,0
5102,0
5103,0
5104,0
5105,0
5106,1
5107,1
5108,0
5109,1
5110,1
5111,0
5112,0
5113,0
5114,0
5115,0
5116,0
5117,0
5118,0
5119,0
5120,0
5121,0
5122,0
5123,1
5124,0
5125,0
5126,0
5127,0
5128,0
5129,0
5130,0
5131,1
5132,0
5133,0
5134,0
5135,0
5136,1
5137,1
5138,0
5139,0
5140,0
5141,0
5142,1
5143,0
5144,0
5145,0
5146,0
5147,0
5148,0
5149,0
5150,0
5151,1
5152,0
5153,1
5154,1
5155,0
5156,0
5157,0
5158,0
5159,0
5160,0
5161,0
5162,1
5163,0
5164,0
5165,1
5166,0
5167,0
5168,0
5169,0
5170,0
5171,1
5172,0
5173,1
5174,0
5175,0
5176,0
5177,0
5178,0
5179,0
5180,0
5181,0
5182,0
5183,1
5184,0
5185,1
5186,0
5187,0
5188,0
5189,0
5190,0
5191,0
5192,0
5193,1
5194,0
5195,0
5196,0
5197,0
5198,0
5199,0
5200,0
5201,0
5202,0
5203,1
5204,1
5205,1
5206,0
5207,0
5208,0
5209,1
5210,1
5211,0
5212,0
5213,0
5214,0
5215,0
5216,0
5217,0
5218,0
5219,0
5220,0
5221,1
5222,1
5223,0
5224,0
5225,1
5226,0
5227,0
5228,0
5229,0
5230,0
5231,0
5232,0
5233,0
5234,0
5235,0
5236,0
5237,0
5238,0
5239,0
5240,0
5241,0
5242,0
5243,0
5244,1
5245,0
5246,0
5247,0
5248,0
5249,0
5250,0
5251,1
5252,0
5253,1
5254,0
5255,0
5256,0
5257,1
5258,0
5259,0
5260,0
5261,0
5262,1
5263,1
5264,0
5265,0
5266,0
5267,0
5268,1
5269,0
5270,1
5271,1
5272,0
5273,0
5274,0
5275,0
5276,0
5277,0
5278,0
5279,0
5280,0
5281,0
5282,1
5283,1
5284,0
5285,1
5286,0
5287,0
5288,0
5289,1
5290,0
5291,0
5292,0
5293,0
5294,0
5295,0
5296,0
5297,0
5298,1
5299,0
5300,0
5301,0
5302,0
5303,0
5304,0
5305,0
5306,1
5307,1
5308,0
5309,0
5310,0
5311,0
5312,0
5313,1
5314,1
5315,1
5316,0
5317,0
5318,0
5319,0
5320,0
5321,0
5322,1
5323,0
5324,1
5325,0
5326,0
5327,0
5328,0
5329,0
5330,0
5331,1
5332,0
5333,0
5334,0
5335,0
5336,0
5337,1
5338,0
5339,0
5340,0
5341,1
5342,0
5343,0
5344,0
5345,0
5346,1
5347,1
5348,0
5349,0
5350,0
5351,0
5352,0
5353,0
5354,0
5355,0
5356,0
5357,0
5358,0
5359,0
5360,0
5361,1
5362,0
5363,0
5364,0
5365,0
5366,0
5367,0
5368,0
5369,1
5370,0
5371,0
5372,0
5373,0
5374,0
5375,1
5376,0
5377,0
5378,0
5379,0
5380,1
5381,0
5382,0
5383,1
5384,0
5385,0
5386,0
5387,0
5388,0
5389,0
5390,0
5391,0
5392,0
5393,0
5394,0
5395,1
5396,0
5397,0
5398,0
5399,0
5400,1
5401,0
5402,0
5403,0
5404,0
5405,1
5406,0
5407,0
5408,1
5409,0
5410,0
5411,0
5412,0
5413,0
5414,0
5415,1
5416,0
5417,0
5418,0
5419,1
5420,0
5421,0
5422,0
5423,0
5424,0
5425,0
5426,0
5427,0
5428,0
5429,0
5430,1
5431,0
5432,0
5433,1
5434,0
5435,0
5436,0
5437,0
5438,1
5439,1
5440,0
5441,0
5442,0
5443,0
5444,1
5445,0
5446,0
5447,0
5448,0
5449,0
5450,1
5451,0
5452,0
5453,0
5454,0
5455,0
5456,0
5457,1
5458,0
5459,0
5460,0
5461,1
5462,0
5463,0
5464,0
5465,0
5466,0
5467,0
5468,0
5469,0
5470,0
5471,1
5472,1
5473,0
5474,0
5475,1
5476,1
5477,0
5478,0
5479,0
5480,1
5481,0
5482,0
5483,0
5484,0
5485,0
5486,1
5487,1
5488,0
5489,0
5490,1
5491,0
5492,0
5493,0
5494,1
5495,1
5496,0
5497,0
5498,1
5499,0
5500,0
5501,0
5502,0
5503,0
5504,0
5505,0
5506,1
5507,0
5508,1
5509,0
5510,0
5511,0
5512,0
5513,1
5514,1
5515,0
5516,0
5517,1
5518,0
5519,0
5520,0
5521,0
5522,0
5523,0
5524,0
5525,1
5526,1
5527,1
5528,0
5529,0
5530,0
5531,0
5532,0
5533,0
5534,0
5535,0
5536,0
5537,0
5538,0
5539,0
5540,0
5541,0
5542,0
5543,0
5544,1
5545,1
5546,0
5547,0
5548,0
5549,1
5550,0
5551,0
5552,0
5553,0
5554,1
5555,0
5556,0
5557,0
5558,0
5559,0
5560,0
5561,1
5562,0
5563,0
5564,0
5565,0
5566,0
5567,0
5568,0
5569,1
5570,0
5571,0
5572,0
5573,0
5574,1
5575,0
5576,0
5577,1
5578,1
5579,0
5580,0
5581,0
5582,0
5583,0
5584,0
5585,1
5586,0
5587,0
5588,0
5589,0
5590,0
5591,0
5592,0
5593,0
5594,0
5595,0
5596,0
5597,0
5598,0
5599,0
5600,0
5601,0
5602,1
5603,1
5604,1
5605,0
5606,0
5607,0
5608,0
5609,1
5610,0
5611,0
5612,1
5613,0
5614,0
5615,1
5616,1
5617,0
5618,0
5619,0
5620,0
5621,0
5622,1
5623,1
5624,1
5625,0
5626,0
5627,1
5628,1
5629,0
5630,0
5631,1
5632,0
5633,1
5634,0
5635,0
5636,1
5637,1
5638,0
5639,0
5640,0
5641,0
5642,0
5643,1
5644,0
5645,0
5646,1
5647,0
5648,0
5649,1
5650,0
5651,0
5652,1
5653,0
5654,0
5655,0
5656,0
5657,0
5658,1
5659,0
5660,0
5661,1
5662,0
5663,0
5664,0
5665,0
5666,0
5667,0
5668,1
5669,1
5670,0
5671,1
5672,0
5673,1
5674,0
5675,1
5676,0
5677,1
5678,0
5679,0
5680,1
5681,0
5682,0
5683,0
5684,0
5685,0
5686,0
5687,0
5688,0
5689,0
5690,0
5691,0
5692,0
5693,0
5694,0
5695,0
5696,0
5697,0
5698,0
5699,0
5700,0
5701,0
5702,0
5703,0
5704,1
5705,1
5706,0
5707,0
5708,0
5709,0
5710,0
5711,0
5712,0
5713,0
5714,0
5715,0
5716,0
5717,0
5718,1
5719,1
5720,0
5721,0
5722,0
5723,1
5724,1
5725,0
5726,0
5727,0
5728,0
5729,1
5730,0
5731,0
5732,1
5733,0
5734,1
5735,0
5736,1
5737,0
5738,0
5739,0
5740,0
5741,0
5742,1
5743,1
5744,0
5745,0
5746,1
5747,0
5748,0
5749,1
5750,0
5751,1
5752,0
5753,0
5754,1
5755,0
5756,0
5757,0
5758,1
5759,1
5760,0
5761,0
5762,0
5763,0
5764,0
5765,1
5766,0
5767,1
5768,0
5769,0
5770,0
5771,1
5772,0
5773,0
5774,0
5775,0
5776,1
5777,0
5778,0
5779,0
5780,0
5781,0
5782,0
5783,0
5784,1
5785,0
5786,1
5787,1
5788,0
5789,0
5790,0
5791,0
5792,0
5793,0
5794,0
5795,0
5796,0
5797,1
5798,1
5799,0
5800,0
5801,1
5802,0
5803,0
5804,0
5805,0
5806,0
5807,0
5808,1
5809,0
5810,1
5811,0
5812,0
5813,0
5814,0
5815,0
5816,1
5817,0
5818,0
5819,0
5820,0
5821,0
5822,0
5823,0
5824,0
5825,0
5826,0
5827,0
5828,1
5829,0
5830,0
5831,0
5832,0
5833,1
5834,0
5835,0
5836,0
5837,0
5838,0
5839,0
5840,0
5841,0
5842,0
5843,0
5844,0
5845,1
5846,1
5847,0
5848,0
5849,0
5850,0
5851,1
5852,0
5853,0
5854,0
5855,0
5856,0
5857,0
5858,0
5859,0
5860,0
5861,1
5862,0
5863,1
5864,1
5865,0
5866,0
5867,0
5868,0
5869,0
5870,0
5871,0
5872,0
5873,0
5874,1
5875,0
5876,0
5877,0
5878,0
5879,0
5880,0
5881,0
5882,1
5883,0
5884,0
5885,0
5886,0
5887,0
5888,0
5889,0
5890,0
5891,0
5892,0
5893,0
5894,0
5895,0
5896,0
5897,0
5898,0
5899,0
5900,0
5901,1
5902,0
5903,0
5904,0
5905,0
5906,0
5907,0
5908,0
5909,0
5910,0
5911,1
5912,0
5913,0
5914,0
5915,0
5916,0
5917,0
5918,0
5919,0
5920,0
5921,0
5922,1
5923,0
5924,0
5925,0
5926,0
5927,0
5928,0
5929,0
5930,0
5931,0
5932,0
5933,1
5934,0
5935,0
5936,1
5937,0
5938,0
5939,0
5940,0
5941,0
5942,0
5943,0
5944,0
5945,0
5946,0
5947,0
5948,0
5949,0
5950,0
5951,0
5952,0
5953,0
5954,0
5955,0
5956,0
5957,0
5958,0
5959,0
5960,0
5961,0
5962,0
5963,0
5964,0
5965,0
5966,0
5967,0
5968,0
5969,0
5970,0
5971,0
5972,1
5973,0
5974,0
5975,0
5976,0
5977,0
5978,0
5979,1
5980,0
5981,1
5982,0
5983,0
5984,0
5985,0
5986,1
5987,0
5988,0
5989,1
5990,1
5991,1
5992,0
5993,1
5994,1
5995,0
5996,0
5997,0
5998,0
5999,0
6000,1
6001,0
6002,0
6003,1
6004,1
6005,0
6006,0
6007,0
6008,1
6009,0
6010,1
6011,0
6012,0
6013,1
6014,0
6015,0
6016,0
6017,0
6018,0
6019,0
6020,0
6021,0
6022,0
6023,1
6024,1
6025,0
6026,0
6027,0
6028,1
6029,0
6030,0
6031,1
6032,1
6033,0
6034,0
6035,0
6036,0
6037,0
6038,1
6039,0
6040,0
6041,0
6042,0
6043,0
6044,1
6045,0
6046,1
6047,0
6048,0
6049,0
6050,1
6051,0
6052,0
6053,0
6054,1
6055,0
6056,0
6057,0
6058,1
6059,1
6060,0
6061,0
6062,0
6063,0
6064,0
6065,0
6066,0
6067,1
6068,0
6069,1
6070,1
6071,0
6072,0
6073,0
6074,0
6075,0
6076,1
6077,0
6078,1
6079,1
6080,0
6081,1
6082,0
6083,1
6084,0
6085,1
6086,0
6087,0
6088,0
6089,1
6090,0
6091,0
6092,1
6093,0
6094,0
6095,1
6096,1
6097,0
6098,1
6099,0
6100,0
6101,0
6102,0
6103,0
6104,0
6105,0
6106,1
6107,0
6108,1
6109,0
6110,0
6111,1
6112,0
6113,1
6114,0
6115,0
6116,1
6117,0
6118,0
6119,0
6120,0
6121,1
6122,0
6123,0
6124,0
6125,0
6126,0
6127,1
6128,0
6129,1
6130,0
6131,1
6132,1
6133,1
6134,1
6135,0
6136,0
6137,0
6138,0
6139,0
6140,0
6141,0
6142,1
6143,1
6144,0
6145,0
6146,1
6147,1
6148,0
6149,1
6150,1
6151,0
6152,1
6153,0
6154,0
6155,1
6156,0
6157,0
6158,0
6159,0
6160,0
6161,0
6162,0
6163,0
6164,0
6165,0
6166,1
6167,0
6168,1
6169,0
6170,0
6171,0
6172,0
6173,1
6174,0
6175,0
6176,0
6177,0
6178,0
6179,0
6180,0
6181,0
6182,0
6183,0
6184,0
6185,1
6186,0
6187,0
6188,0
6189,1
6190,0
6191,0
6192,0
6193,0
6194,0
6195,1
6196,1
6197,0
6198,1
6199,0
6200,0
6201,0
6202,0
6203,0
6204,0
6205,1
6206,0
6207,0
6208,0
6209,0
6210,0
6211,0
6212,0
6213,0
6214,0
6215,0
6216,0
6217,0
6218,1
6219,0
6220,1
6221,0
6222,1
6223,0
6224,0
6225,0
6226,0
6227,1
6228,0
6229,0
6230,0
6231,0
6232,0
6233,1
6234,1
6235,0
6236,1
6237,0
6238,0
6239,0
6240,0
6241,0
6242,0
6243,0
6244,0
6245,0
6246,0
6247,0
6248,0
6249,0
6250,0
6251,0
6252,1
6253,1
6254,0
6255,0
6256,0
6257,1
6258,0
6259,0
6260,0
6261,0
6262,1
6263,0
6264,0
6265,0
6266,1
6267,0
6268,0
6269,0
6270,0
6271,0
6272,1
6273,0
6274,0
6275,0
6276,0
6277,1
6278,1
6279,0
6280,0
6281,1
6282,1
6283,1
6284,0
6285,1
6286,0
6287,0
6288,0
6289,1
6290,1
6291,1
6292,0
6293,0
6294,1
6295,0
6296,0
6297,0
6298,0
6299,0
6300,0
6301,0
6302,0
6303,0
6304,0
6305,1
6306,0
6307,0
6308,0
6309,0
6310,0
6311,0
6312,1
6313,0
6314,0
6315,1
6316,0
6317,0
6318,0
6319,1
6320,1
6321,1
6322,0
6323,0
6324,0
6325,0
6326,1
6327,1
6328,1
6329,0
6330,1
6331,0
6332,1
6333,0
6334,1
6335,1
6336,0
6337,0
6338,1
6339,0
6340,0
6341,1
6342,0
6343,0
6344,0
6345,1
6346,1
6347,0
6348,0
6349,0
6350,1
6351,0
6352,0
6353,1
6354,0
6355,0
6356,1
6357,1
6358,0
6359,0
6360,0
6361,0
6362,0
6363,0
6364,0
6365,1
6366,0
6367,0
6368,0
6369,0
6370,0
6371,0
6372,0
6373,0
6374,0
6375,0
6376,1
6377,0
6378,0
6379,1
6380,0
6381,0
6382,0
6383,0
6384,0
6385,0
6386,0
6387,0
6388,0
6389,0
6390,1
6391,0
6392,0
6393,0
6394,1
6395,0
6396,0
6397,1
6398,0
6399,0
6400,0
6401,0
6402,0
6403,0
6404,0
6405,0
6406,0
6407,0
6408,0
6409,0
6410,0
6411,1
6412,0
6413,0
6414,0
6415,1
6416,0
6417,1
6418,0
6419,0
6420,0
6421,0
6422,1
6423,0
6424,0
6425,0
6426,0
6427,0
6428,0
6429,1
6430,0
6431,0
6432,0
6433,1
6434,0
6435,1
6436,0
6437,0
6438,1
6439,1
6440,0
6441,0
6442,0
6443,1
6444,1
6445,0
6446,0
6447,1
6448,1
6449,0
6450,0
6451,0
6452,0
6453,0
6454,0
6455,0
6456,1
6457,0
6458,0
6459,0
6460,0
6461,1
6462,0
6463,0
6464,0
6465,0
6466,1
6467,0
6468,0
6469,0
6470,0
6471,0
6472,0
6473,0
6474,0
6475,0
6476,0
6477,0
6478,0
6479,0
6480,1
6481,0
6482,0
6483,0
6484,0
6485,0
6486,0
6487,0
6488,1
6489,0
6490,0
6491,0
6492,0
6493,0
6494,0
6495,0
6496,0
6497,1
6498,0
6499,0
6500,0
6501,0
6502,0
6503,0
6504,0
6505,0
6506,0
6507,1
6508,0
6509,1
6510,0
6511,0
6512,0
6513,1
6514,1
6515,0
6516,0
6517,0
6518,1
6519,1
6520,0
6521,0
6522,0
6523,1
6524,0
6525,0
6526,0
6527,0
6528,0
6529,0
6530,0
6531,0
6532,0
6533,1
6534,1
6535,0
6536,0
6537,0
6538,0
6539,0
6540,0
6541,0
6542,0
6543,0
6544,1
6545,1
6546,0
6547,0
6548,0
6549,0
6550,0
6551,0
6552,0
6553,1
6554,1
6555,0
6556,0
6557,0
6558,0
6559,0
6560,1
6561,1
6562,1
6563,1
6564,0
6565,1
6566,1
6567,0
6568,0
6569,0
6570,0
6571,0
6572,0
6573,0
6574,1
6575,0
6576,0
6577,0
6578,1
6579,1
6580,0
6581,1
6582,0
6583,0
6584,0
6585,0
6586,0
6587,0
6588,0
6589,1
6590,0
6591,0
6592,0
6593,0
6594,1
6595,0
6596,1
6597,1
6598,0
6599,1
6600,0
6601,1
6602,0
6603,1
6604,0
6605,0
6606,0
6607,0
6608,1
6609,0
6610,0
6611,1
6612,0
6613,0
6614,0
6615,0
6616,0
6617,0
6618,1
6619,0
6620,0
6621,0
6622,0
6623,0
6624,0
6625,1
6626,0
6627,0
6628,1
6629,0
6630,0
6631,0
6632,0
6633,0
6634,0
6635,1
6636,0
6637,0
6638,0
6639,1
6640,1
6641,0
6642,0
6643,0
6644,0
6645,0
6646,1
6647,0
6648,0
6649,0
6650,0
6651,0
6652,0
6653,1
6654,0
6655,0
6656,0
6657,0
6658,0
6659,1
6660,0
6661,0
6662,0
6663,0
6664,0
6665,0
6666,0
6667,0
6668,0
6669,1
6670,0
6671,0
6672,0
6673,0
6674,0
6675,0
6676,1
6677,0
6678,0
6679,1
6680,0
6681,0
6682,1
6683,1
6684,0
6685,0
6686,1
6687,0
6688,0
6689,0
6690,0
6691,1
6692,0
6693,0
6694,0
6695,0
6696,0
6697,0
6698,1
6699,1
6700,0
6701,1
6702,0
6703,0
6704,0
6705,1
6706,0
6707,1
6708,0
6709,0
6710,0
6711,0
6712,0
6713,0
6714,1
6715,0
6716,1
6717,0
6718,0
6719,1
6720,0
6721,1
6722,1
6723,0
6724,0
6725,0
6726,0
6727,0
6728,1
6729,0
6730,0
6731,0
6732,0
6733,0
6734,0
6735,0
6736,1
6737,0
6738,1
6739,0
6740,0
6741,0
6742,1
6743,0
6744,0
6745,0
6746,0
6747,0
6748,1
6749,0
6750,0
6751,0
6752,0
6753,0
6754,0
6755,0
6756,0
6757,0
6758,0
6759,0
6760,0
6761,1
6762,0
6763,0
6764,0
6765,1
6766,0
6767,0
6768,0
6769,1
6770,0
6771,0
6772,0
6773,0
6774,1
6775,0
6776,0
6777,1
6778,0
6779,0
6780,1
6781,1
6782,0
6783,0
6784,0
6785,0
6786,0
6787,1
6788,0
6789,0
6790,1
6791,1
6792,0
6793,0
6794,0
6795,0
6796,1
6797,0
6798,1
6799,0
6800,1
6801,1
6802,1
6803,1
6804,1
6805,0
6806,0
6807,1
6808,0
6809,0
6810,0
6811,1
6812,1
6813,0
6814,1
6815,0
6816,0
6817,1
6818,1
6819,1
6820,1
6821,0
6822,0
6823,0
6824,0
6825,1
6826,1
6827,0
6828,1
6829,1
6830,0
6831,0
6832,1
6833,0
6834,0
6835,1
6836,1
6837,1
6838,1
6839,1
6840,1
6841,0
6842,0
6843,0
6844,1
6845,1
6846,0
6847,1
6848,1
6849,0
6850,0
6851,1
6852,0
6853,0
6854,1
6855,1
6856,1
6857,0
6858,0
6859,1
6860,1
6861,0
6862,1
6863,0
6864,0
6865,0
6866,0
6867,1
6868,0
6869,1
6870,0
6871,1
6872,0
6873,0
6874,0
6875,0
6876,1
6877,0
6878,0
6879,1
6880,0
6881,0
6882,0
6883,1
6884,1
6885,1
6886,1
6887,0
6888,0
6889,0
6890,0
6891,0
6892,0
6893,0
6894,0
6895,1
6896,0
6897,1
6898,1
6899,1
6900,1
6901,1
6902,0
6903,1
6904,0
6905,0
6906,0
6907,1
6908,0
6909,0
6910,0
6911,0
6912,1
6913,1
6914,1
6915,1
6916,1
6917,0
6918,0
6919,0
6920,1
6921,0
6922,0
6923,1
6924,0
6925,1
6926,1
6927,1
6928,0
6929,0
6930,0
6931,0
6932,0
6933,1
6934,0
6935,1
6936,0
6937,0
6938,0
6939,1
6940,1
6941,0
6942,0
6943,0
6944,1
6945,0
6946,0
6947,0
6948,1
6949,0
6950,0
6951,0
6952,0
6953,0
6954,0
6955,1
6956,0
6957,1
6958,0
6959,0
6960,1
6961,0
6962,0
6963,1
6964,0
6965,0
6966,0
6967,0
6968,0
6969,1
6970,1
6971,0
6972,0
6973,0
6974,0
6975,0
6976,0
6977,0
6978,1
6979,0
6980,0
6981,0
6982,1
6983,0
6984,1
6985,1
6986,0
6987,0
6988,0
6989,0
6990,0
6991,0
6992,0
6993,0
6994,1
6995,0
6996,1
6997,0
6998,0
6999,0
7000,1
7001,0
7002,1
7003,0
7004,0
7005,1
7006,1
7007,0
7008,0
7009,0
7010,0
7011,0
7012,0
7013,1
7014,0
7015,0
7016,0
7017,0
7018,0
7019,0
7020,0
7021,0
7022,0
7023,0
7024,0
7025,0
7026,0
7027,0
7028,1
7029,0
7030,0
7031,0
7032,1
7033,0
7034,0
7035,0
7036,0
7037,0
7038,0
7039,0
7040,1
7041,0
7042,0
7043,1
7044,0
7045,0
7046,0
7047,0
7048,0
7049,0
7050,0
7051,1
7052,0
7053,0
7054,0
7055,0
7056,1
7057,1
7058,1
7059,0
7060,0
7061,0
7062,1
7063,1
7064,0
7065,0
7066,1
7067,1
7068,1
7069,1
7070,0
7071,0
7072,1
7073,0
7074,0
7075,0
7076,0
7077,1
7078,0
7079,0
7080,0
7081,1
7082,1
7083,0
7084,1
7085,0
7086,0
7087,0
7088,0
7089,1
7090,1
7091,0
7092,0
7093,1
7094,0
7095,0
7096,1
7097,0
7098,0
7099,0
7100,0
7101,1
7102,1
7103,1
7104,0
7105,0
7106,0
7107,0
7108,1
7109,1
7110,1
7111,0
7112,0
7113,1
7114,0
7115,1
7116,0
7117,0
7118,0
7119,0
7120,0
7121,0
7122,1
7123,1
7124,0
7125,1
7126,0
7127,1
7128,1
7129,0
7130,1
7131,0
7132,0
7133,0
7134,1
7135,0
7136,0
7137,1
7138,0
7139,1
7140,1
7141,1
7142,0
7143,0
7144,0
7145,0
7146,1
7147,0
7148,0
7149,0
7150,0
7151,1
7152,0
7153,0
7154,0
7155,0
7156,1
7157,1
7158,1
7159,0
7160,1
7161,0
7162,0
7163,0
7164,1
7165,1
7166,0
7167,0
7168,0
7169,0
7170,0
7171,1
7172,0
7173,0
7174,1
7175,0
7176,0
7177,1
7178,1
7179,0
7180,1
7181,1
7182,0
7183,0
7184,0
7185,1
7186,0
7187,0
7188,0
7189,1
7190,1
7191,0
7192,1
7193,1
7194,1
7195,0
7196,1
7197,0
7198,0
7199,0
7200,0
7201,1
7202,1
7203,0
7204,1
7205,0
7206,0
7207,0
7208,0
7209,1
7210,0
7211,0
7212,1
7213,1
7214,1
7215,0
7216,0
7217,0
7218,0
7219,0
7220,0
7221,0
7222,0
7223,0
7224,0
7225,1
7226,1
7227,1
7228,0
7229,0
7230,0
7231,0
7232,1
7233,0
7234,1
7235,1
7236,1
7237,0
7238,1
7239,0
7240,1
7241,0
7242,0
7243,0
7244,0
7245,0
7246,1
7247,0
7248,1
7249,1
7250,0
7251,1
7252,1
7253,0
7254,1
7255,1
7256,0
7257,1
7258,1
7259,0
7260,1
7261,1
7262,1
7263,1
7264,1
7265,1
7266,0
7267,1
7268,0
7269,1
7270,0
7271,0
7272,0
7273,0
7274,0
7275,0
7276,0
7277,0
7278,0
7279,0
7280,0
7281,1
7282,0
7283,0
7284,1
7285,0
7286,0
